"Id","OwnerId","IsDeleted","Name","CreatedDate","CreatedById","LastModifiedDate","LastModifiedById","SystemModstamp","LLC_BI__EmailTemplate__c","LLC_BI__Email_Template_Purpose__c","LLC_BI__Institution__c","LLC_BI__lookupKey__c","AutorabitExtId__c"
"a4o4T000000PEyfQAG","0054T000000qMtZQAU","","ETI-000000054","2019-09-09T15:18:06.000Z","0054T000000qMtZQAU","2019-09-09T15:18:06.000Z","0054T000000qMtZQAU","","00X4T000000GTv4","Account Document Assigned - Bulk","a4q4T0000004KW4QAM","",""
"a4o4T000000PEygQAG","0054T000000qMtZQAU","","ETI-000000055","2019-09-09T15:18:06.000Z","0054T000000qMtZQAU","2019-09-09T15:18:06.000Z","0054T000000qMtZQAU","","00X4T000000GTv5UAG","Account Document Rejected","a4q4T0000004KW4QAM","",""
"a4o4T000000PEyhQAG","0054T000000qMtZQAU","","ETI-000000056","2019-09-09T15:18:06.000Z","0054T000000qMtZQAU","2019-09-09T15:18:06.000Z","0054T000000qMtZQAU","","00X4T000000GTv6","Borrower Added (Existing)","a4q4T0000004KW4QAM","",""
"a4o4T000000PEyiQAG","0054T000000qMtZQAU","","ETI-000000057","2019-09-09T15:18:06.000Z","0054T000000qMtZQAU","2019-09-09T15:18:06.000Z","0054T000000qMtZQAU","","00X4T000000GTv7","Borrower Added (New)","a4q4T0000004KW4QAM","",""
"a4o4T000000PEyjQAG","0054T000000qMtZQAU","","ETI-000000058","2019-09-09T15:18:06.000Z","0054T000000qMtZQAU","2019-09-09T15:18:06.000Z","0054T000000qMtZQAU","","00X4T000000GTv8","Co-Owner Added (Existing)","a4q4T0000004KW4QAM","",""
"a4o4T000000PEykQAG","0054T000000qMtZQAU","","ETI-000000059","2019-09-09T15:18:06.000Z","0054T000000qMtZQAU","2019-09-09T15:18:06.000Z","0054T000000qMtZQAU","","00X4T000000GTv9","Co-Owner Added (New)","a4q4T0000004KW4QAM","",""
"a4o4T000000PEylQAG","0054T000000qMtZQAU","","ETI-000000060","2019-09-09T15:18:06.000Z","0054T000000qMtZQAU","2019-09-09T15:18:06.000Z","0054T000000qMtZQAU","","00X4T000000GTvB","Deposit Documents Assigned","a4q4T0000004KW4QAM","",""
"a4o4T000000PEymQAG","0054T000000qMtZQAU","","ETI-000000061","2019-09-09T15:18:06.000Z","0054T000000qMtZQAU","2019-09-09T15:18:06.000Z","0054T000000qMtZQAU","","00X4T000000GTvA","Deposit Document Rejected","a4q4T0000004KW4QAM","",""
"a4o4T000000PEynQAG","0054T000000qMtZQAU","","ETI-000000062","2019-09-09T15:18:06.000Z","0054T000000qMtZQAU","2019-09-09T15:18:06.000Z","0054T000000qMtZQAU","","00X4T000000GTuq","Guarantor Added (Existing)","a4q4T0000004KW4QAM","",""
"a4o4T000000PEyoQAG","0054T000000qMtZQAU","","ETI-000000063","2019-09-09T15:18:06.000Z","0054T000000qMtZQAU","2019-09-09T15:18:06.000Z","0054T000000qMtZQAU","","00X4T000000GTur","Guarantor Added (New)","a4q4T0000004KW4QAM","",""
"a4o4T000000PEypQAG","0054T000000qMtZQAU","","ETI-000000064","2019-09-09T15:18:06.000Z","0054T000000qMtZQAU","2019-09-09T15:18:06.000Z","0054T000000qMtZQAU","","00X4T000000GTut","Loan Document Assigned Email - Bulk","a4q4T0000004KW4QAM","",""
"a4o4T000000PEyqQAG","0054T000000qMtZQAU","","ETI-000000065","2019-09-09T15:18:06.000Z","0054T000000qMtZQAU","2019-09-09T15:18:06.000Z","0054T000000qMtZQAU","","00X4T000000GTvC","Loan Document Rejected Email","a4q4T0000004KW4QAM","",""
"a4o4T000000PEyrQAG","0054T000000qMtZQAU","","ETI-000000066","2019-09-09T15:18:06.000Z","0054T000000qMtZQAU","2019-09-09T15:18:06.000Z","0054T000000qMtZQAU","","00X4T000000GTv0","Save and Continue","a4q4T0000004KW4QAM","",""
"a4o4T000000PEz5QAG","0054T000000qMtZQAU","","ETI-000000080","2019-09-09T15:18:06.000Z","0054T000000qMtZQAU","2020-04-02T14:06:08.000Z","0054T000000qNGEQA2","","00X4T000000GTs7","","a4q4T0000004KW4QAM","dth56htrshrh5","a4o4T000000fzNhQAI"
"a4o4T000000PKvfQAG","0054T000000qMtZQAU","","ETI-000000138","2019-10-15T06:53:26.000Z","0054T000000qNGEQA2","2020-04-02T14:06:08.000Z","0054T000000qNGEQA2","","00X4T000000GTsS","Account Document Assigned - Bulk","a4q4T0000004KW4QAM","","a4o4T000000fzNHQAY"
"a4o4T000000PKvgQAG","0054T000000qMtZQAU","","ETI-000000139","2019-10-15T06:53:26.000Z","0054T000000qNGEQA2","2020-04-02T14:06:08.000Z","0054T000000qNGEQA2","","00X4T000000GTsTUAW","Account Document Rejected","a4q4T0000004KW4QAM","","a4o4T000000fzNIQAY"
"a4o4T000000PKvhQAG","0054T000000qMtZQAU","","ETI-000000140","2019-10-15T06:53:26.000Z","0054T000000qNGEQA2","2020-04-02T14:06:08.000Z","0054T000000qNGEQA2","","00X4T000000GTsU","Borrower Added (Existing)","a4q4T0000004KW4QAM","","a4o4T000000fzNJQAY"
"a4o4T000000PKviQAG","0054T000000qMtZQAU","","ETI-000000141","2019-10-15T06:53:26.000Z","0054T000000qNGEQA2","2020-04-02T14:06:08.000Z","0054T000000qNGEQA2","","00X4T000000GTsV","Borrower Added (New)","a4q4T0000004KW4QAM","","a4o4T000000fzNKQAY"
"a4o4T000000PKvjQAG","0054T000000qMtZQAU","","ETI-000000142","2019-10-15T06:53:26.000Z","0054T000000qNGEQA2","2020-04-02T14:06:08.000Z","0054T000000qNGEQA2","","00X4T000000GTsW","Co-Owner Added (Existing)","a4q4T0000004KW4QAM","","a4o4T000000fzNLQAY"
"a4o4T000000PKvkQAG","0054T000000qMtZQAU","","ETI-000000143","2019-10-15T06:53:26.000Z","0054T000000qNGEQA2","2020-04-02T14:06:08.000Z","0054T000000qNGEQA2","","00X4T000000GTsX","Co-Owner Added (New)","a4q4T0000004KW4QAM","","a4o4T000000fzNMQAY"
"a4o4T000000PKvlQAG","0054T000000qMtZQAU","","ETI-000000144","2019-10-15T06:53:26.000Z","0054T000000qNGEQA2","2020-04-02T14:06:08.000Z","0054T000000qNGEQA2","","00X4T000000GTsZ","Deposit Documents Assigned","a4q4T0000004KW4QAM","","a4o4T000000fzNNQAY"
"a4o4T000000PKvmQAG","0054T000000qMtZQAU","","ETI-000000145","2019-10-15T06:53:26.000Z","0054T000000qNGEQA2","2020-04-02T14:06:08.000Z","0054T000000qNGEQA2","","00X4T000000GTsY","Deposit Document Rejected","a4q4T0000004KW4QAM","","a4o4T000000fzNOQAY"
"a4o4T000000PKvnQAG","0054T000000qMtZQAU","","ETI-000000146","2019-10-15T06:53:26.000Z","0054T000000qNGEQA2","2020-04-02T14:06:08.000Z","0054T000000qNGEQA2","","00X4T000000GTsE","Guarantor Added (Existing)","a4q4T0000004KW4QAM","","a4o4T000000fzNPQAY"
"a4o4T000000PKvoQAG","0054T000000qMtZQAU","","ETI-000000147","2019-10-15T06:53:26.000Z","0054T000000qNGEQA2","2020-04-02T14:06:08.000Z","0054T000000qNGEQA2","","00X4T000000GTsF","Guarantor Added (New)","a4q4T0000004KW4QAM","","a4o4T000000fzNQQAY"
"a4o4T000000PKvpQAG","0054T000000qMtZQAU","","ETI-000000148","2019-10-15T06:53:26.000Z","0054T000000qNGEQA2","2020-04-02T14:06:08.000Z","0054T000000qNGEQA2","","00X4T000000GTsH","Loan Document Assigned Email - Bulk","a4q4T0000004KW4QAM","","a4o4T000000fzNRQAY"
"a4o4T000000PKvqQAG","0054T000000qMtZQAU","","ETI-000000149","2019-10-15T06:53:26.000Z","0054T000000qNGEQA2","2020-04-02T14:06:08.000Z","0054T000000qNGEQA2","","00X4T000000GTsa","Loan Document Rejected Email","a4q4T0000004KW4QAM","","a4o4T000000fzNSQAY"
"a4o4T000000PKvrQAG","0054T000000qMtZQAU","","ETI-000000150","2019-10-15T06:53:26.000Z","0054T000000qNGEQA2","2020-04-02T14:06:08.000Z","0054T000000qNGEQA2","","00X4T000000GTsO","Save and Continue","a4q4T0000004KW4QAM","","a4o4T000000fzNTQAY"
"a4o4T000000PL4lQAG","0054T000000qMtZQAU","","ETI-000000218","2020-01-20T07:15:06.000Z","0054T000000qNGEQA2","2020-04-20T12:04:15.000Z","0054T000000qNGEQA2","","00X4T000000GTv4","Account Document Assigned - Bulk","a4q4T0000004KW4QAM","","a4o4T000000PEyfQAG"
"a4o4T000000PL4mQAG","0054T000000qMtZQAU","","ETI-000000219","2020-01-20T07:15:06.000Z","0054T000000qNGEQA2","2020-04-20T12:04:15.000Z","0054T000000qNGEQA2","","00X4T000000GTv5UAG","Account Document Rejected","a4q4T0000004KW4QAM","","a4o4T000000PEygQAG"
"a4o4T000000PL4nQAG","0054T000000qMtZQAU","","ETI-000000220","2020-01-20T07:15:06.000Z","0054T000000qNGEQA2","2020-04-20T12:04:15.000Z","0054T000000qNGEQA2","","00X4T000000GTv6","Borrower Added (Existing)","a4q4T0000004KW4QAM","","a4o4T000000PEyhQAG"
"a4o4T000000PL4oQAG","0054T000000qMtZQAU","","ETI-000000221","2020-01-20T07:15:06.000Z","0054T000000qNGEQA2","2020-04-20T12:04:15.000Z","0054T000000qNGEQA2","","00X4T000000GTv7","Borrower Added (New)","a4q4T0000004KW4QAM","","a4o4T000000PEyiQAG"
"a4o4T000000PL4pQAG","0054T000000qMtZQAU","","ETI-000000222","2020-01-20T07:15:06.000Z","0054T000000qNGEQA2","2020-04-20T12:04:15.000Z","0054T000000qNGEQA2","","00X4T000000GTv8","Co-Owner Added (Existing)","a4q4T0000004KW4QAM","","a4o4T000000PEyjQAG"
"a4o4T000000PL4qQAG","0054T000000qMtZQAU","","ETI-000000223","2020-01-20T07:15:06.000Z","0054T000000qNGEQA2","2020-04-20T12:04:15.000Z","0054T000000qNGEQA2","","00X4T000000GTv9","Co-Owner Added (New)","a4q4T0000004KW4QAM","","a4o4T000000PEykQAG"
"a4o4T000000PL4rQAG","0054T000000qMtZQAU","","ETI-000000224","2020-01-20T07:15:06.000Z","0054T000000qNGEQA2","2020-04-20T12:04:15.000Z","0054T000000qNGEQA2","","00X4T000000GTvB","Deposit Documents Assigned","a4q4T0000004KW4QAM","","a4o4T000000PEylQAG"
"a4o4T000000PL4sQAG","0054T000000qMtZQAU","","ETI-000000225","2020-01-20T07:15:06.000Z","0054T000000qNGEQA2","2020-04-20T12:04:15.000Z","0054T000000qNGEQA2","","00X4T000000GTvA","Deposit Document Rejected","a4q4T0000004KW4QAM","","a4o4T000000PEymQAG"
"a4o4T000000PL4tQAG","0054T000000qMtZQAU","","ETI-000000226","2020-01-20T07:15:06.000Z","0054T000000qNGEQA2","2020-04-20T12:04:15.000Z","0054T000000qNGEQA2","","00X4T000000GTuq","Guarantor Added (Existing)","a4q4T0000004KW4QAM","","a4o4T000000PEynQAG"
"a4o4T000000PL4uQAG","0054T000000qMtZQAU","","ETI-000000227","2020-01-20T07:15:06.000Z","0054T000000qNGEQA2","2020-04-20T12:04:15.000Z","0054T000000qNGEQA2","","00X4T000000GTur","Guarantor Added (New)","a4q4T0000004KW4QAM","","a4o4T000000PEyoQAG"
"a4o4T000000PL4vQAG","0054T000000qMtZQAU","","ETI-000000228","2020-01-20T07:15:06.000Z","0054T000000qNGEQA2","2020-04-20T12:04:15.000Z","0054T000000qNGEQA2","","00X4T000000GTut","Loan Document Assigned Email - Bulk","a4q4T0000004KW4QAM","","a4o4T000000PEypQAG"
"a4o4T000000PL4wQAG","0054T000000qMtZQAU","","ETI-000000229","2020-01-20T07:15:06.000Z","0054T000000qNGEQA2","2020-04-20T12:04:15.000Z","0054T000000qNGEQA2","","00X4T000000GTvC","Loan Document Rejected Email","a4q4T0000004KW4QAM","","a4o4T000000PEyqQAG"
"a4o4T000000PL4xQAG","0054T000000qMtZQAU","","ETI-000000230","2020-01-20T07:15:06.000Z","0054T000000qNGEQA2","2020-04-20T12:04:15.000Z","0054T000000qNGEQA2","","00X4T000000GTv0","Save and Continue","a4q4T0000004KW4QAM","","a4o4T000000PEyrQAG"
"a4o4T000000PL4yQAG","0054T000000qMtZQAU","","ETI-000000231","2020-01-20T07:15:06.000Z","0054T000000qNGEQA2","2020-04-20T12:04:15.000Z","0054T000000qNGEQA2","","00X4T000000GTsS","Account Document Assigned - Bulk","a4q4T0000004KW4QAM","","a4o4T000000PKvfQAG"
"a4o4T000000PL4zQAG","0054T000000qMtZQAU","","ETI-000000232","2020-01-20T07:15:06.000Z","0054T000000qNGEQA2","2020-04-20T12:04:15.000Z","0054T000000qNGEQA2","","00X4T000000GTsTUAW","Account Document Rejected","a4q4T0000004KW4QAM","","a4o4T000000PKvgQAG"
"a4o4T000000PL50QAG","0054T000000qMtZQAU","","ETI-000000233","2020-01-20T07:15:06.000Z","0054T000000qNGEQA2","2020-04-20T12:04:15.000Z","0054T000000qNGEQA2","","00X4T000000GTsU","Borrower Added (Existing)","a4q4T0000004KW4QAM","","a4o4T000000PKvhQAG"
"a4o4T000000PL51QAG","0054T000000qMtZQAU","","ETI-000000234","2020-01-20T07:15:06.000Z","0054T000000qNGEQA2","2020-04-20T12:04:15.000Z","0054T000000qNGEQA2","","00X4T000000GTsV","Borrower Added (New)","a4q4T0000004KW4QAM","","a4o4T000000PKviQAG"
"a4o4T000000PL52QAG","0054T000000qMtZQAU","","ETI-000000235","2020-01-20T07:15:06.000Z","0054T000000qNGEQA2","2020-04-20T12:04:15.000Z","0054T000000qNGEQA2","","00X4T000000GTsW","Co-Owner Added (Existing)","a4q4T0000004KW4QAM","","a4o4T000000PKvjQAG"
"a4o4T000000PL53QAG","0054T000000qMtZQAU","","ETI-000000236","2020-01-20T07:15:06.000Z","0054T000000qNGEQA2","2020-04-20T12:04:15.000Z","0054T000000qNGEQA2","","00X4T000000GTsX","Co-Owner Added (New)","a4q4T0000004KW4QAM","","a4o4T000000PKvkQAG"
"a4o4T000000PL54QAG","0054T000000qMtZQAU","","ETI-000000237","2020-01-20T07:15:06.000Z","0054T000000qNGEQA2","2020-04-20T12:04:15.000Z","0054T000000qNGEQA2","","00X4T000000GTsZ","Deposit Documents Assigned","a4q4T0000004KW4QAM","","a4o4T000000PKvlQAG"
"a4o4T000000PL55QAG","0054T000000qMtZQAU","","ETI-000000238","2020-01-20T07:15:06.000Z","0054T000000qNGEQA2","2020-04-20T12:04:15.000Z","0054T000000qNGEQA2","","00X4T000000GTsY","Deposit Document Rejected","a4q4T0000004KW4QAM","","a4o4T000000PKvmQAG"
"a4o4T000000PL56QAG","0054T000000qMtZQAU","","ETI-000000239","2020-01-20T07:15:06.000Z","0054T000000qNGEQA2","2020-04-20T12:04:15.000Z","0054T000000qNGEQA2","","00X4T000000GTsE","Guarantor Added (Existing)","a4q4T0000004KW4QAM","","a4o4T000000PKvnQAG"
"a4o4T000000PL57QAG","0054T000000qMtZQAU","","ETI-000000240","2020-01-20T07:15:06.000Z","0054T000000qNGEQA2","2020-04-20T12:04:15.000Z","0054T000000qNGEQA2","","00X4T000000GTsF","Guarantor Added (New)","a4q4T0000004KW4QAM","","a4o4T000000PKvoQAG"
"a4o4T000000PL58QAG","0054T000000qMtZQAU","","ETI-000000241","2020-01-20T07:15:06.000Z","0054T000000qNGEQA2","2020-04-20T12:04:15.000Z","0054T000000qNGEQA2","","00X4T000000GTsH","Loan Document Assigned Email - Bulk","a4q4T0000004KW4QAM","","a4o4T000000PKvpQAG"
"a4o4T000000PL59QAG","0054T000000qMtZQAU","","ETI-000000242","2020-01-20T07:15:06.000Z","0054T000000qNGEQA2","2020-04-20T12:04:15.000Z","0054T000000qNGEQA2","","00X4T000000GTsa","Loan Document Rejected Email","a4q4T0000004KW4QAM","","a4o4T000000PKvqQAG"
"a4o4T000000PL5AQAW","0054T000000qMtZQAU","","ETI-000000243","2020-01-20T07:15:06.000Z","0054T000000qNGEQA2","2020-04-20T12:04:15.000Z","0054T000000qNGEQA2","","00X4T000000GTsO","Save and Continue","a4q4T0000004KW4QAM","","a4o4T000000PKvrQAG"
"a4o4T000000PL6BQAW","0054T000000qMtZQAU","","ETI-000000299","2020-01-24T09:45:29.000Z","0054T000000qNGEQA2","2020-04-20T12:04:15.000Z","0054T000000qNGEQA2","","00X4T000000GTv4","Account Document Assigned - Bulk","a4q4T0000004KW4QAM","","a4o4T000000PL4lQAG"
"a4o4T000000PL6CQAW","0054T000000qMtZQAU","","ETI-000000300","2020-01-24T09:45:29.000Z","0054T000000qNGEQA2","2020-04-20T12:04:15.000Z","0054T000000qNGEQA2","","00X4T000000GTv5UAG","Account Document Rejected","a4q4T0000004KW4QAM","","a4o4T000000PL4mQAG"
"a4o4T000000PL6DQAW","0054T000000qMtZQAU","","ETI-000000301","2020-01-24T09:45:29.000Z","0054T000000qNGEQA2","2020-04-20T12:04:15.000Z","0054T000000qNGEQA2","","00X4T000000GTv6","Borrower Added (Existing)","a4q4T0000004KW4QAM","","a4o4T000000PL4nQAG"
"a4o4T000000PL6EQAW","0054T000000qMtZQAU","","ETI-000000302","2020-01-24T09:45:29.000Z","0054T000000qNGEQA2","2020-04-20T12:04:15.000Z","0054T000000qNGEQA2","","00X4T000000GTv7","Borrower Added (New)","a4q4T0000004KW4QAM","","a4o4T000000PL4oQAG"
"a4o4T000000PL6FQAW","0054T000000qMtZQAU","","ETI-000000303","2020-01-24T09:45:29.000Z","0054T000000qNGEQA2","2020-04-20T12:04:15.000Z","0054T000000qNGEQA2","","00X4T000000GTv8","Co-Owner Added (Existing)","a4q4T0000004KW4QAM","","a4o4T000000PL4pQAG"
"a4o4T000000PL6GQAW","0054T000000qMtZQAU","","ETI-000000304","2020-01-24T09:45:29.000Z","0054T000000qNGEQA2","2020-04-20T12:04:15.000Z","0054T000000qNGEQA2","","00X4T000000GTv9","Co-Owner Added (New)","a4q4T0000004KW4QAM","","a4o4T000000PL4qQAG"
"a4o4T000000PL6HQAW","0054T000000qMtZQAU","","ETI-000000305","2020-01-24T09:45:29.000Z","0054T000000qNGEQA2","2020-04-20T12:04:15.000Z","0054T000000qNGEQA2","","00X4T000000GTvB","Deposit Documents Assigned","a4q4T0000004KW4QAM","","a4o4T000000PL4rQAG"
"a4o4T000000PL6IQAW","0054T000000qMtZQAU","","ETI-000000306","2020-01-24T09:45:29.000Z","0054T000000qNGEQA2","2020-04-20T12:04:15.000Z","0054T000000qNGEQA2","","00X4T000000GTvA","Deposit Document Rejected","a4q4T0000004KW4QAM","","a4o4T000000PL4sQAG"
"a4o4T000000PL6JQAW","0054T000000qMtZQAU","","ETI-000000307","2020-01-24T09:45:29.000Z","0054T000000qNGEQA2","2020-04-20T12:04:15.000Z","0054T000000qNGEQA2","","00X4T000000GTuq","Guarantor Added (Existing)","a4q4T0000004KW4QAM","","a4o4T000000PL4tQAG"
"a4o4T000000PL6KQAW","0054T000000qMtZQAU","","ETI-000000308","2020-01-24T09:45:29.000Z","0054T000000qNGEQA2","2020-04-20T12:04:15.000Z","0054T000000qNGEQA2","","00X4T000000GTur","Guarantor Added (New)","a4q4T0000004KW4QAM","","a4o4T000000PL4uQAG"
"a4o4T000000PL6LQAW","0054T000000qMtZQAU","","ETI-000000309","2020-01-24T09:45:29.000Z","0054T000000qNGEQA2","2020-04-20T12:04:15.000Z","0054T000000qNGEQA2","","00X4T000000GTut","Loan Document Assigned Email - Bulk","a4q4T0000004KW4QAM","","a4o4T000000PL4vQAG"
"a4o4T000000PL6MQAW","0054T000000qMtZQAU","","ETI-000000310","2020-01-24T09:45:29.000Z","0054T000000qNGEQA2","2020-04-20T12:04:15.000Z","0054T000000qNGEQA2","","00X4T000000GTvC","Loan Document Rejected Email","a4q4T0000004KW4QAM","","a4o4T000000PL4wQAG"
"a4o4T000000PL6NQAW","0054T000000qMtZQAU","","ETI-000000311","2020-01-24T09:45:29.000Z","0054T000000qNGEQA2","2020-04-20T12:04:15.000Z","0054T000000qNGEQA2","","00X4T000000GTv0","Save and Continue","a4q4T0000004KW4QAM","","a4o4T000000PL4xQAG"
"a4o4T000000PL6OQAW","0054T000000qMtZQAU","","ETI-000000312","2020-01-24T09:45:29.000Z","0054T000000qNGEQA2","2020-04-20T12:04:15.000Z","0054T000000qNGEQA2","","00X4T000000GTsS","Account Document Assigned - Bulk","a4q4T0000004KW4QAM","","a4o4T000000PL4yQAG"
"a4o4T000000PL6PQAW","0054T000000qMtZQAU","","ETI-000000313","2020-01-24T09:45:29.000Z","0054T000000qNGEQA2","2020-04-20T12:04:15.000Z","0054T000000qNGEQA2","","00X4T000000GTsTUAW","Account Document Rejected","a4q4T0000004KW4QAM","","a4o4T000000PL4zQAG"
"a4o4T000000PL6QQAW","0054T000000qMtZQAU","","ETI-000000314","2020-01-24T09:45:29.000Z","0054T000000qNGEQA2","2020-04-20T12:04:15.000Z","0054T000000qNGEQA2","","00X4T000000GTsU","Borrower Added (Existing)","a4q4T0000004KW4QAM","","a4o4T000000PL50QAG"
"a4o4T000000PL6RQAW","0054T000000qMtZQAU","","ETI-000000315","2020-01-24T09:45:29.000Z","0054T000000qNGEQA2","2020-04-20T12:04:15.000Z","0054T000000qNGEQA2","","00X4T000000GTsV","Borrower Added (New)","a4q4T0000004KW4QAM","","a4o4T000000PL51QAG"
"a4o4T000000PL6SQAW","0054T000000qMtZQAU","","ETI-000000316","2020-01-24T09:45:29.000Z","0054T000000qNGEQA2","2020-04-20T12:04:15.000Z","0054T000000qNGEQA2","","00X4T000000GTsW","Co-Owner Added (Existing)","a4q4T0000004KW4QAM","","a4o4T000000PL52QAG"
"a4o4T000000PL6TQAW","0054T000000qMtZQAU","","ETI-000000317","2020-01-24T09:45:29.000Z","0054T000000qNGEQA2","2020-04-20T12:04:15.000Z","0054T000000qNGEQA2","","00X4T000000GTsX","Co-Owner Added (New)","a4q4T0000004KW4QAM","","a4o4T000000PL53QAG"
"a4o4T000000PL6UQAW","0054T000000qMtZQAU","","ETI-000000318","2020-01-24T09:45:29.000Z","0054T000000qNGEQA2","2020-04-20T12:04:15.000Z","0054T000000qNGEQA2","","00X4T000000GTsZ","Deposit Documents Assigned","a4q4T0000004KW4QAM","","a4o4T000000PL54QAG"
"a4o4T000000PL6VQAW","0054T000000qMtZQAU","","ETI-000000319","2020-01-24T09:45:29.000Z","0054T000000qNGEQA2","2020-04-20T12:04:15.000Z","0054T000000qNGEQA2","","00X4T000000GTsY","Deposit Document Rejected","a4q4T0000004KW4QAM","","a4o4T000000PL55QAG"
"a4o4T000000PL6WQAW","0054T000000qMtZQAU","","ETI-000000320","2020-01-24T09:45:29.000Z","0054T000000qNGEQA2","2020-04-20T12:04:15.000Z","0054T000000qNGEQA2","","00X4T000000GTsE","Guarantor Added (Existing)","a4q4T0000004KW4QAM","","a4o4T000000PL56QAG"
"a4o4T000000PL6XQAW","0054T000000qMtZQAU","","ETI-000000321","2020-01-24T09:45:29.000Z","0054T000000qNGEQA2","2020-04-20T12:04:15.000Z","0054T000000qNGEQA2","","00X4T000000GTsF","Guarantor Added (New)","a4q4T0000004KW4QAM","","a4o4T000000PL57QAG"
"a4o4T000000PL6YQAW","0054T000000qMtZQAU","","ETI-000000322","2020-01-24T09:45:29.000Z","0054T000000qNGEQA2","2020-04-20T12:04:15.000Z","0054T000000qNGEQA2","","00X4T000000GTsH","Loan Document Assigned Email - Bulk","a4q4T0000004KW4QAM","","a4o4T000000PL58QAG"
"a4o4T000000PL6ZQAW","0054T000000qMtZQAU","","ETI-000000323","2020-01-24T09:45:29.000Z","0054T000000qNGEQA2","2020-04-20T12:04:15.000Z","0054T000000qNGEQA2","","00X4T000000GTsa","Loan Document Rejected Email","a4q4T0000004KW4QAM","","a4o4T000000PL59QAG"
"a4o4T000000PL6aQAG","0054T000000qMtZQAU","","ETI-000000324","2020-01-24T09:45:29.000Z","0054T000000qNGEQA2","2020-04-20T12:04:15.000Z","0054T000000qNGEQA2","","00X4T000000GTsO","Save and Continue","a4q4T0000004KW4QAM","","a4o4T000000PL5AQAW"
"a4o4T000000PL8zQAG","0054T000000qMtZQAU","","ETI-000000327","2020-03-31T18:46:41.000Z","0054T000000qNGEQA2","2020-03-31T18:46:41.000Z","0054T000000qNGEQA2","","00X4T000000GTsS","Account Document Assigned - Bulk","a4q4T0000004KW4QAM","","a4o4T000000g4aAQAQ"
"a4o4T000000PL90QAG","0054T000000qMtZQAU","","ETI-000000328","2020-03-31T18:46:41.000Z","0054T000000qNGEQA2","2020-03-31T18:46:41.000Z","0054T000000qNGEQA2","","00X4T000000GTsTUAW","Account Document Rejected","a4q4T0000004KW4QAM","","a4o4T000000g4aBQAQ"
"a4o4T000000PL91QAG","0054T000000qMtZQAU","","ETI-000000329","2020-03-31T18:46:41.000Z","0054T000000qNGEQA2","2020-03-31T18:46:41.000Z","0054T000000qNGEQA2","","00X4T000000GTsU","Borrower Added (Existing)","a4q4T0000004KW4QAM","","a4o4T000000g4aCQAQ"
"a4o4T000000PL92QAG","0054T000000qMtZQAU","","ETI-000000330","2020-03-31T18:46:41.000Z","0054T000000qNGEQA2","2020-03-31T18:46:41.000Z","0054T000000qNGEQA2","","00X4T000000GTsV","Borrower Added (New)","a4q4T0000004KW4QAM","","a4o4T000000g4aDQAQ"
"a4o4T000000PL93QAG","0054T000000qMtZQAU","","ETI-000000331","2020-03-31T18:46:41.000Z","0054T000000qNGEQA2","2020-03-31T18:46:41.000Z","0054T000000qNGEQA2","","00X4T000000GTsW","Co-Owner Added (Existing)","a4q4T0000004KW4QAM","","a4o4T000000g4aEQAQ"
"a4o4T000000PL94QAG","0054T000000qMtZQAU","","ETI-000000332","2020-03-31T18:46:41.000Z","0054T000000qNGEQA2","2020-03-31T18:46:41.000Z","0054T000000qNGEQA2","","00X4T000000GTsX","Co-Owner Added (New)","a4q4T0000004KW4QAM","","a4o4T000000g4aFQAQ"
"a4o4T000000PL95QAG","0054T000000qMtZQAU","","ETI-000000333","2020-03-31T18:46:41.000Z","0054T000000qNGEQA2","2020-03-31T18:46:41.000Z","0054T000000qNGEQA2","","00X4T000000GTsZ","Deposit Documents Assigned","a4q4T0000004KW4QAM","","a4o4T000000g4aGQAQ"
"a4o4T000000PL96QAG","0054T000000qMtZQAU","","ETI-000000334","2020-03-31T18:46:41.000Z","0054T000000qNGEQA2","2020-03-31T18:46:41.000Z","0054T000000qNGEQA2","","00X4T000000GTsY","Deposit Document Rejected","a4q4T0000004KW4QAM","","a4o4T000000g4aHQAQ"
"a4o4T000000PL97QAG","0054T000000qMtZQAU","","ETI-000000335","2020-03-31T18:46:41.000Z","0054T000000qNGEQA2","2020-03-31T18:46:41.000Z","0054T000000qNGEQA2","","00X4T000000GTsE","Guarantor Added (Existing)","a4q4T0000004KW4QAM","","a4o4T000000g4aIQAQ"
"a4o4T000000PL98QAG","0054T000000qMtZQAU","","ETI-000000336","2020-03-31T18:46:41.000Z","0054T000000qNGEQA2","2020-03-31T18:46:41.000Z","0054T000000qNGEQA2","","00X4T000000GTsF","Guarantor Added (New)","a4q4T0000004KW4QAM","","a4o4T000000g4aJQAQ"
"a4o4T000000PL99QAG","0054T000000qMtZQAU","","ETI-000000337","2020-03-31T18:46:41.000Z","0054T000000qNGEQA2","2020-03-31T18:46:41.000Z","0054T000000qNGEQA2","","00X4T000000GTsH","Loan Document Assigned Email - Bulk","a4q4T0000004KW4QAM","","a4o4T000000g4aKQAQ"
"a4o4T000000PL9AQAW","0054T000000qMtZQAU","","ETI-000000338","2020-03-31T18:46:41.000Z","0054T000000qNGEQA2","2020-03-31T18:46:41.000Z","0054T000000qNGEQA2","","00X4T000000GTsa","Loan Document Rejected Email","a4q4T0000004KW4QAM","","a4o4T000000g4aLQAQ"
"a4o4T000000PL9BQAW","0054T000000qMtZQAU","","ETI-000000339","2020-03-31T18:46:41.000Z","0054T000000qNGEQA2","2020-03-31T18:46:41.000Z","0054T000000qNGEQA2","","00X4T000000GTsO","Save and Continue","a4q4T0000004KW4QAM","","a4o4T000000g4aMQAQ"
"a4o4T000000PLAUQA4","0054T000000qMtZQAU","","ETI-000000420","2020-04-20T11:59:38.000Z","0054T000000qNGEQA2","2020-04-20T12:04:15.000Z","0054T000000qNGEQA2","","00X4T000000GTv4","Account Document Assigned - Bulk","a4q4T0000004KW4QAM","","a4o4T000000PL6BQAW"
"a4o4T000000PLAVQA4","0054T000000qMtZQAU","","ETI-000000421","2020-04-20T11:59:38.000Z","0054T000000qNGEQA2","2020-04-20T12:04:15.000Z","0054T000000qNGEQA2","","00X4T000000GTv5UAG","Account Document Rejected","a4q4T0000004KW4QAM","","a4o4T000000PL6CQAW"
"a4o4T000000PLAWQA4","0054T000000qMtZQAU","","ETI-000000422","2020-04-20T11:59:38.000Z","0054T000000qNGEQA2","2020-04-20T12:04:15.000Z","0054T000000qNGEQA2","","00X4T000000GTv6","Borrower Added (Existing)","a4q4T0000004KW4QAM","","a4o4T000000PL6DQAW"
"a4o4T000000PLAXQA4","0054T000000qMtZQAU","","ETI-000000423","2020-04-20T11:59:38.000Z","0054T000000qNGEQA2","2020-04-20T12:04:15.000Z","0054T000000qNGEQA2","","00X4T000000GTv7","Borrower Added (New)","a4q4T0000004KW4QAM","","a4o4T000000PL6EQAW"
"a4o4T000000PLAYQA4","0054T000000qMtZQAU","","ETI-000000424","2020-04-20T11:59:38.000Z","0054T000000qNGEQA2","2020-04-20T12:04:15.000Z","0054T000000qNGEQA2","","00X4T000000GTv8","Co-Owner Added (Existing)","a4q4T0000004KW4QAM","","a4o4T000000PL6FQAW"
"a4o4T000000PLAZQA4","0054T000000qMtZQAU","","ETI-000000425","2020-04-20T11:59:38.000Z","0054T000000qNGEQA2","2020-04-20T12:04:15.000Z","0054T000000qNGEQA2","","00X4T000000GTv9","Co-Owner Added (New)","a4q4T0000004KW4QAM","","a4o4T000000PL6GQAW"
"a4o4T000000PLAaQAO","0054T000000qMtZQAU","","ETI-000000426","2020-04-20T11:59:38.000Z","0054T000000qNGEQA2","2020-04-20T12:04:15.000Z","0054T000000qNGEQA2","","00X4T000000GTvB","Deposit Documents Assigned","a4q4T0000004KW4QAM","","a4o4T000000PL6HQAW"
"a4o4T000000PLAbQAO","0054T000000qMtZQAU","","ETI-000000427","2020-04-20T11:59:38.000Z","0054T000000qNGEQA2","2020-04-20T12:04:15.000Z","0054T000000qNGEQA2","","00X4T000000GTvA","Deposit Document Rejected","a4q4T0000004KW4QAM","","a4o4T000000PL6IQAW"
"a4o4T000000PLAcQAO","0054T000000qMtZQAU","","ETI-000000428","2020-04-20T11:59:38.000Z","0054T000000qNGEQA2","2020-04-20T12:04:15.000Z","0054T000000qNGEQA2","","00X4T000000GTuq","Guarantor Added (Existing)","a4q4T0000004KW4QAM","","a4o4T000000PL6JQAW"
"a4o4T000000PLAdQAO","0054T000000qMtZQAU","","ETI-000000429","2020-04-20T11:59:38.000Z","0054T000000qNGEQA2","2020-04-20T12:04:15.000Z","0054T000000qNGEQA2","","00X4T000000GTur","Guarantor Added (New)","a4q4T0000004KW4QAM","","a4o4T000000PL6KQAW"
"a4o4T000000PLAeQAO","0054T000000qMtZQAU","","ETI-000000430","2020-04-20T11:59:38.000Z","0054T000000qNGEQA2","2020-04-20T12:04:15.000Z","0054T000000qNGEQA2","","00X4T000000GTut","Loan Document Assigned Email - Bulk","a4q4T0000004KW4QAM","","a4o4T000000PL6LQAW"
"a4o4T000000PLAfQAO","0054T000000qMtZQAU","","ETI-000000431","2020-04-20T11:59:38.000Z","0054T000000qNGEQA2","2020-04-20T12:04:15.000Z","0054T000000qNGEQA2","","00X4T000000GTvC","Loan Document Rejected Email","a4q4T0000004KW4QAM","","a4o4T000000PL6MQAW"
"a4o4T000000PLAgQAO","0054T000000qMtZQAU","","ETI-000000432","2020-04-20T11:59:38.000Z","0054T000000qNGEQA2","2020-04-20T12:04:15.000Z","0054T000000qNGEQA2","","00X4T000000GTv0","Save and Continue","a4q4T0000004KW4QAM","","a4o4T000000PL6NQAW"
"a4o4T000000PLAhQAO","0054T000000qMtZQAU","","ETI-000000433","2020-04-20T11:59:38.000Z","0054T000000qNGEQA2","2020-04-20T12:04:15.000Z","0054T000000qNGEQA2","","00X4T000000GTsS","Account Document Assigned - Bulk","a4q4T0000004KW4QAM","","a4o4T000000PL6OQAW"
"a4o4T000000PLAiQAO","0054T000000qMtZQAU","","ETI-000000434","2020-04-20T11:59:38.000Z","0054T000000qNGEQA2","2020-04-20T12:04:15.000Z","0054T000000qNGEQA2","","00X4T000000GTsTUAW","Account Document Rejected","a4q4T0000004KW4QAM","","a4o4T000000PL6PQAW"
"a4o4T000000PLAjQAO","0054T000000qMtZQAU","","ETI-000000435","2020-04-20T11:59:38.000Z","0054T000000qNGEQA2","2020-04-20T12:04:15.000Z","0054T000000qNGEQA2","","00X4T000000GTsU","Borrower Added (Existing)","a4q4T0000004KW4QAM","","a4o4T000000PL6QQAW"
"a4o4T000000PLAkQAO","0054T000000qMtZQAU","","ETI-000000436","2020-04-20T11:59:38.000Z","0054T000000qNGEQA2","2020-04-20T12:04:15.000Z","0054T000000qNGEQA2","","00X4T000000GTsV","Borrower Added (New)","a4q4T0000004KW4QAM","","a4o4T000000PL6RQAW"
"a4o4T000000PLAlQAO","0054T000000qMtZQAU","","ETI-000000437","2020-04-20T11:59:38.000Z","0054T000000qNGEQA2","2020-04-20T12:04:15.000Z","0054T000000qNGEQA2","","00X4T000000GTsW","Co-Owner Added (Existing)","a4q4T0000004KW4QAM","","a4o4T000000PL6SQAW"
"a4o4T000000PLAmQAO","0054T000000qMtZQAU","","ETI-000000438","2020-04-20T11:59:38.000Z","0054T000000qNGEQA2","2020-04-20T12:04:15.000Z","0054T000000qNGEQA2","","00X4T000000GTsX","Co-Owner Added (New)","a4q4T0000004KW4QAM","","a4o4T000000PL6TQAW"
"a4o4T000000PLAnQAO","0054T000000qMtZQAU","","ETI-000000439","2020-04-20T11:59:38.000Z","0054T000000qNGEQA2","2020-04-20T12:04:15.000Z","0054T000000qNGEQA2","","00X4T000000GTsZ","Deposit Documents Assigned","a4q4T0000004KW4QAM","","a4o4T000000PL6UQAW"
"a4o4T000000PLAoQAO","0054T000000qMtZQAU","","ETI-000000440","2020-04-20T11:59:38.000Z","0054T000000qNGEQA2","2020-04-20T12:04:15.000Z","0054T000000qNGEQA2","","00X4T000000GTsY","Deposit Document Rejected","a4q4T0000004KW4QAM","","a4o4T000000PL6VQAW"
"a4o4T000000PLApQAO","0054T000000qMtZQAU","","ETI-000000441","2020-04-20T11:59:38.000Z","0054T000000qNGEQA2","2020-04-20T12:04:15.000Z","0054T000000qNGEQA2","","00X4T000000GTsE","Guarantor Added (Existing)","a4q4T0000004KW4QAM","","a4o4T000000PL6WQAW"
"a4o4T000000PLAqQAO","0054T000000qMtZQAU","","ETI-000000442","2020-04-20T11:59:38.000Z","0054T000000qNGEQA2","2020-04-20T12:04:15.000Z","0054T000000qNGEQA2","","00X4T000000GTsF","Guarantor Added (New)","a4q4T0000004KW4QAM","","a4o4T000000PL6XQAW"
"a4o4T000000PLArQAO","0054T000000qMtZQAU","","ETI-000000443","2020-04-20T11:59:38.000Z","0054T000000qNGEQA2","2020-04-20T12:04:15.000Z","0054T000000qNGEQA2","","00X4T000000GTsH","Loan Document Assigned Email - Bulk","a4q4T0000004KW4QAM","","a4o4T000000PL6YQAW"
"a4o4T000000PLAsQAO","0054T000000qMtZQAU","","ETI-000000444","2020-04-20T11:59:38.000Z","0054T000000qNGEQA2","2020-04-20T12:04:15.000Z","0054T000000qNGEQA2","","00X4T000000GTsa","Loan Document Rejected Email","a4q4T0000004KW4QAM","","a4o4T000000PL6ZQAW"
"a4o4T000000PLAtQAO","0054T000000qMtZQAU","","ETI-000000445","2020-04-20T11:59:38.000Z","0054T000000qNGEQA2","2020-04-20T12:04:15.000Z","0054T000000qNGEQA2","","00X4T000000GTsO","Save and Continue","a4q4T0000004KW4QAM","","a4o4T000000PL6aQAG"
"a4o4T000000PLAuQAO","0054T000000qMtZQAU","","ETI-000000446","2020-04-20T11:59:38.000Z","0054T000000qNGEQA2","2020-04-20T12:04:15.000Z","0054T000000qNGEQA2","","00X4T000000GTsS","Account Document Assigned - Bulk","a4q4T0000004KW4QAM","","a4o4T000000PL8zQAG"
"a4o4T000000PLAvQAO","0054T000000qMtZQAU","","ETI-000000447","2020-04-20T11:59:38.000Z","0054T000000qNGEQA2","2020-04-20T12:04:15.000Z","0054T000000qNGEQA2","","00X4T000000GTsTUAW","Account Document Rejected","a4q4T0000004KW4QAM","","a4o4T000000PL90QAG"
"a4o4T000000PLAwQAO","0054T000000qMtZQAU","","ETI-000000448","2020-04-20T11:59:38.000Z","0054T000000qNGEQA2","2020-04-20T12:04:15.000Z","0054T000000qNGEQA2","","00X4T000000GTsU","Borrower Added (Existing)","a4q4T0000004KW4QAM","","a4o4T000000PL91QAG"
"a4o4T000000PLAxQAO","0054T000000qMtZQAU","","ETI-000000449","2020-04-20T11:59:38.000Z","0054T000000qNGEQA2","2020-04-20T12:04:15.000Z","0054T000000qNGEQA2","","00X4T000000GTsV","Borrower Added (New)","a4q4T0000004KW4QAM","","a4o4T000000PL92QAG"
"a4o4T000000PLAyQAO","0054T000000qMtZQAU","","ETI-000000450","2020-04-20T11:59:38.000Z","0054T000000qNGEQA2","2020-04-20T12:04:15.000Z","0054T000000qNGEQA2","","00X4T000000GTsW","Co-Owner Added (Existing)","a4q4T0000004KW4QAM","","a4o4T000000PL93QAG"
"a4o4T000000PLAzQAO","0054T000000qMtZQAU","","ETI-000000451","2020-04-20T11:59:38.000Z","0054T000000qNGEQA2","2020-04-20T12:04:15.000Z","0054T000000qNGEQA2","","00X4T000000GTsX","Co-Owner Added (New)","a4q4T0000004KW4QAM","","a4o4T000000PL94QAG"
"a4o4T000000PLB0QAO","0054T000000qMtZQAU","","ETI-000000452","2020-04-20T11:59:38.000Z","0054T000000qNGEQA2","2020-04-20T12:04:15.000Z","0054T000000qNGEQA2","","00X4T000000GTsZ","Deposit Documents Assigned","a4q4T0000004KW4QAM","","a4o4T000000PL95QAG"
"a4o4T000000PLB1QAO","0054T000000qMtZQAU","","ETI-000000453","2020-04-20T11:59:38.000Z","0054T000000qNGEQA2","2020-04-20T12:04:15.000Z","0054T000000qNGEQA2","","00X4T000000GTsY","Deposit Document Rejected","a4q4T0000004KW4QAM","","a4o4T000000PL96QAG"
"a4o4T000000PLB2QAO","0054T000000qMtZQAU","","ETI-000000454","2020-04-20T11:59:38.000Z","0054T000000qNGEQA2","2020-04-20T12:04:15.000Z","0054T000000qNGEQA2","","00X4T000000GTsE","Guarantor Added (Existing)","a4q4T0000004KW4QAM","","a4o4T000000PL97QAG"
"a4o4T000000PLB3QAO","0054T000000qMtZQAU","","ETI-000000455","2020-04-20T11:59:38.000Z","0054T000000qNGEQA2","2020-04-20T12:04:15.000Z","0054T000000qNGEQA2","","00X4T000000GTsF","Guarantor Added (New)","a4q4T0000004KW4QAM","","a4o4T000000PL98QAG"
"a4o4T000000PLB4QAO","0054T000000qMtZQAU","","ETI-000000456","2020-04-20T11:59:38.000Z","0054T000000qNGEQA2","2020-04-20T12:04:15.000Z","0054T000000qNGEQA2","","00X4T000000GTsH","Loan Document Assigned Email - Bulk","a4q4T0000004KW4QAM","","a4o4T000000PL99QAG"
"a4o4T000000PLB5QAO","0054T000000qMtZQAU","","ETI-000000457","2020-04-20T11:59:38.000Z","0054T000000qNGEQA2","2020-04-20T12:04:15.000Z","0054T000000qNGEQA2","","00X4T000000GTsa","Loan Document Rejected Email","a4q4T0000004KW4QAM","","a4o4T000000PL9AQAW"
"a4o4T000000PLB6QAO","0054T000000qMtZQAU","","ETI-000000458","2020-04-20T11:59:38.000Z","0054T000000qNGEQA2","2020-04-20T12:04:15.000Z","0054T000000qNGEQA2","","00X4T000000GTsO","Save and Continue","a4q4T0000004KW4QAM","","a4o4T000000PL9BQAW"
